{"cameraMode":{"drawMode":0,"name":"Shaded","section":"Shading Mode"},"sceneLighting":true,"audioPlay":false,"sceneViewState":{"m_AlwaysRefresh":false,"showFog":true,"showSkybox":true,"showFlares":true,"showImageEffects":true,"showParticleSystems":true,"showVisualEffectGraphs":true,"m_FxEnabled":true},"in2DMode":false,"pivot":{"x":-0.7868728637695313,"y":1.3947511911392213,"z":-0.05886814743280411},"rotation":{"x":-0.021775376051664354,"y":0.6922191381454468,"z":0.02090492658317089,"w":0.7210581302642822},"size":0.3150656819343567,"orthographic":false}