{"cameraMode":{"drawMode":0,"name":"Shaded","section":"Shading Mode"},"sceneLighting":true,"audioPlay":false,"sceneViewState":{"m_AlwaysRefresh":false,"showFog":true,"showSkybox":true,"showFlares":true,"showImageEffects":true,"showParticleSystems":true,"showVisualEffectGraphs":true,"m_FxEnabled":true},"in2DMode":false,"pivot":{"x":-0.6805862188339233,"y":1.1102898120880128,"z":-1.1957688331604005},"rotation":{"x":-0.015003522858023644,"y":0.748324990272522,"z":0.01636430248618126,"w":0.6636289358139038},"size":0.8660253882408142,"orthographic":false}