{"cameraMode":{"drawMode":0,"name":"Shaded","section":"Shading Mode"},"sceneLighting":true,"audioPlay":false,"sceneViewState":{"m_AlwaysRefresh":false,"showFog":true,"showSkybox":true,"showFlares":true,"showImageEffects":true,"showParticleSystems":true,"showVisualEffectGraphs":true,"m_FxEnabled":true},"in2DMode":false,"pivot":{"x":-1.2941334247589112,"y":1.5199393033981324,"z":-0.15492524206638337},"rotation":{"x":0.001327618258073926,"y":0.6782459020614624,"z":-0.0012317773653194309,"w":0.7355172038078308},"size":0.09699133038520813,"orthographic":false}