{"cameraMode":{"drawMode":0,"name":"Shaded","section":"Shading Mode"},"sceneLighting":true,"audioPlay":false,"sceneViewState":{"m_AlwaysRefresh":false,"showFog":true,"showSkybox":true,"showFlares":true,"showImageEffects":true,"showParticleSystems":true,"showVisualEffectGraphs":true,"m_FxEnabled":true},"in2DMode":false,"pivot":{"x":-1.294325828552246,"y":1.4156240224838257,"z":-0.20849494636058808},"rotation":{"x":0.06712132692337036,"y":0.7125605940818787,"z":-0.06892602145671845,"w":0.695689857006073},"size":0.08499316871166229,"orthographic":false}