{"cameraMode":{"drawMode":0,"name":"Shaded","section":"Shading Mode"},"sceneLighting":true,"audioPlay":false,"sceneViewState":{"m_AlwaysRefresh":false,"showFog":true,"showSkybox":true,"showFlares":true,"showImageEffects":true,"showParticleSystems":true,"showVisualEffectGraphs":true,"m_FxEnabled":true},"in2DMode":false,"pivot":{"x":-0.22474893927574159,"y":1.4675021171569825,"z":0.2914234399795532},"rotation":{"x":-0.09469608217477799,"y":-0.9041570425033569,"z":0.31715434789657595,"w":-0.2705420255661011},"size":0.4278503954410553,"orthographic":false}