{"cameraMode":{"drawMode":0,"name":"Shaded","section":"Shading Mode"},"sceneLighting":false,"audioPlay":false,"sceneViewState":{"m_AlwaysRefresh":false,"showFog":true,"showSkybox":false,"showFlares":true,"showImageEffects":true,"showParticleSystems":true,"showVisualEffectGraphs":true,"m_FxEnabled":true},"in2DMode":false,"pivot":{"x":954.8352661132813,"y":457.7091979980469,"z":-30.228158950805665},"rotation":{"x":-0.009319890290498734,"y":0.01032094657421112,"z":0.000579642946831882,"w":-1.0003374814987183},"size":5.397485256195068,"orthographic":false}